slug,book,chapter,title,subject,recommendation,execution_metric,schedule,result_metric,budget_cost,budget_cost_millions,responsible_authority,challenges,tags,gov_current_status,gov_current_status_code,public_current_status,public_current_status_code
1,"דו""ח ועדת טרכטנברג",שירותים חברתיים - חינוך,גילאי 0-3,העברת הסמכות והאחריות על תחום החינוך לגיל הרך למשרד החינוך,"העברת הסמכות והאחריות על תחום מעונות היום והמשפחתונים לגיל הרך ממשרד התמ""ת למשרד החינוך",החלטת ממשלה,31/8/2012,,בהתאם למודל ההעברה שייקבע,,"שר החינוך ובשנת 2012 בתיאום עם שר התמ""ת",,"גיל רך, חינוך"
2,"דו""ח ועדת טרכטנברג",שירותים חברתיים - חינוך,גילאי 0-3,החלת תקינה ופיקוח על מעונות עם 7 ילדים ומעלה,"אישור הצעת חוק הפיקוח, הנמצאת בהכנה לקריאה שנייה ושלישית בכנסת. קיצור תקופת היישום מ- 7 שנים ל- 5 שנים.",אישור הצעת החוק. ,31/12/2016,תחילת יישום חוק הפיקוח החל מספטמבר 2012,"סך הכל הקצאה על פי חומש 355 מיליון ש""ח",355,"שר החינוך ובשנת 2012 בתיאום עם שר התמ""ת",,"גיל רך, חינוך","התקבל בהחלטת ממשלה מיום 8.1.12, החלטה מספר 4088 [http://147.237.72.239/PMO/Secretarial/Decisions/2012/01/des4088.htm], בהבדל אחד - לא מוזכר עניין הקיצור היישום לחמש שנים",80
3,"דו""ח ועדת טרכטנברג",שירותים חברתיים - חינוך,גילאי 0-3,הרחבת היצע מעונות היום המפוקחים ומסובסדים,  תוכנית חומש להרחבת היצע המסגרות העומדות בפיקוח על המחיר ובהן אפשר יהיה לקבל סבסוד בהתאם למבחן הכנסה ותעסוקה - תוספת של 60000 מקומות   חדשים (מעבר לתוספת של 10000 המוערכת ממילא בגין גידול טבעי,פרסום תוכנית חומש,,תוספת של 60000 מעונות יום בתוך 5 שנים (במערך מפוקח מחיר וסטנדרט),עלות כוללת של 1.7 מליארד ₪ לטובת בינוי מעונות ותמרוץ מעונות פרטיים וכ- 1.8 מליארד ₪ לטובת סבסוד אוכלוסיית הילדים שתתווסף למעונות המפוקחים. ,3500,"שר החינוך ובשנת 2012 בתיאום עם שר התמ""ת",,"גיל רך, חינוך","התקבל בהחלטת ממשלה מיום 8.1.12, החלטה מספר 4088 [http://147.237.72.239/PMO/Secretarial/Decisions/2012/01/des4088.htm]",100
4,"דו""ח ועדת טרכטנברג",שירותים חברתיים - חינוך,גילאי 0-3,הרחבת היצע מעונות היום המפוקחים ומסובסדים,בינוי מעונות יום חדשים מעבר לגידול הטבעי,גיבוש נוהל לסיוע בבינוי מעונות יום והפעלתו,31/8/2012,בינוי מעונות יום חדשים לכ-30 אלף ילדים חדשים בתוך 5 שנים,"תוספת (מעבר לתקציב המיועד כבר כיום לנושא בתקציב המדינה) של מליארד ₪ לבינוי מעונות במהלך החומש הקרוב. 200 מלש""ח לשנה בממוצע, 235 מלש""ח בשנת 2012 --- מ\\\איפה הביאו את זה??).",1000,"שר החינוך ובשנת 2012 בתיאום עם שר התמ""ת",,"גיל רך, חינוך"
5,"דו""ח ועדת טרכטנברג",שירותים חברתיים - חינוך,גילאי 0-3,הרחבת היצע מעונות היום המפוקחים ומסובסדים,"סיוע במימון של התאמות לתקינה, שתידרש לפי חוק הפיקוח, למעונות שיתחייבו לקבל על עצמם את צו הפיקוח על המחיר למשך 5 שנים - תמרוץ כניסת 30000 מעונות פרטיים למערך המפוקח בסטנדט ובמחיר",גיבוש נוהל לסיוע במימון והפעלתו,31/12/2016,"כניסה של כ-30,000 מקומות במעונות היום הפרטיים למערך הפיקוח על המחיר ","תוספת של 700 מלש""ח על פני 5 שנים (מתוכם 300 מלש""ח בשנה הראשונה) שתיועד אך ורק למעונות חדשים שנכנסים למערך המפוקח במחיר ולא להתאמת מעונות קיימים",700,"שר החינוך ובשנת 2012 בתיאום עם שר התמ""ת",,"גיל רך, ","התקבל בהחלטת ממשלה מיום 8.1.12, החלטה מספר 4088 [http://147.237.72.239/PMO/Secretarial/Decisions/2012/01/des4088.htm]",100
6,"דו""ח ועדת טרכטנברג",שירותים חברתיים - חינוך,גילאי 0-3,"תגבור מערכי ההדרכה, הפיקוח והאכיפה","הפעלת מערך פיקוח אפקטיבי, תגבור מערך ההכשרות הקיים",תקצוב,01/01/2012," פיקוח אפקטיבי על כלל המסגרות החינוכיות, העצמה פדגוגית של מערך הגננות","תוספת של 355 מלש""ח על פני החומש הקרוב (תוספת של 65 מלש""ח לבסיס תקציב 2012 ועלייה ל- 75 מלש""ח ב- 2014)",355,"שר החינוך ובשנת 2012 בתיאום עם שר התמ""ת",,"גיל רך, ","התקבל בהחלטת ממשלה מיום 8.1.12, החלטה מספר 4088 [http://147.237.72.239/PMO/Secretarial/Decisions/2012/01/des4088.htm]",100
7,"דו""ח ועדת טרכטנברג",שירותים חברתיים - חינוך,גילאי 0-3,סיוע למשפחות עובדות עם ילדים בגיל הרך,מתן שתי נקודות זיכוי לגבר עד להגיעו לגיל 3,חקיקה,01/01/2012,הגדלת ההכנסה הפנויה להורים עובדים לילדים קטנים בשיעור של עד כ- 420 שקלים לחודש. ,אובדן הכנסות מדינה בשיעור של כמליארד ₪ בשנה,1000,שר האוצר,,"גיל רך, תעסוקה"
8,"דו""ח ועדת טרכטנברג",שירותים חברתיים - חינוך,גילאי 0-3,מעונות יום ומשפחתונים לילדים בגילאי 0-3,מערב ליווי ובקרה אחר יישום התכנית והעמידה ביעדים,דיווח לממשלה אחת ל- 6 חודשים על התקדמות היישום של כלל הצעדים בתחום 0-3,אחת ל- 6 חודשים,יישום התוכנית והתאמות בהתאם לפערים בין התוכנית לביצוע בפועל,,,"שר החינוך ובשנת 2012 בתיאום עם שר התמ""ת",,"גיל רך, הליכי יישום מעקב ובקרה"
9,"דו""ח ועדת טרכטנברג",שירותים חברתיים - חינוך,גילאי 3-9,חינוך בגילאי 3-4,"יישום מלא של חוק חינוך חובה (חינם) מגיל 3 - שלב א מיידי (ינואר 2012) סבסוד מלא של 220,000 הילדים שבמערך הגנים הציבוריים; שלב ב' עד שנת תשע""ה - בינוי 80000 מקומות חדשים לשאר הילדים בשכבת הגיל וסבסוד מלא של עלות הגנים. ","חינוך חובה לילדים בגילאי 3-4; חינוך חינם בשנת הלימודים הקרובה לכלל התלמידים שבגנים הציבוריים, חינוך חובה-חינם לכלל האוכלוסיה עד תשע""ה","יישום מלא עד לתשע""ה. תחילת ביצוע בשנת 2012 לתלמידים שבגנים הציבוריים. ","שיפור החינוך, הקלה על יוקר המחיה, עידוד תעסוקה","7.2 מליארד ₪ בחומש הקרוב (תוספת של 1.8 מליארד ₪ בבסיס התקציב, ו2.6 מליארד לטובת בינוי). מתוך הסכום - 1.3 מליארד כבר ב- 2012 לטובת בינוי ו- 900 מלש""ח לצורך סבסוד הילדים שבגנים הציבוריים. ",7200,שר החינוך  ,,חינוך; גילאים צעירים,"התקבל בהחלטת ממשלה מיום 8.1.12, החלטה מספר 4088 [http://147.237.72.239/PMO/Secretarial/Decisions/2012/01/des4088.htm]",100
10,"דו""ח ועדת טרכטנברג",שירותים חברתיים - חינוך,גילאי 3-9,חינוך בגילאי 3-4,תוכנית יישום מפורטת של חוק חינוך חובה,תכנית יישום רב שנתית של משרד החינוך שתוגש לאישור הממשלה עד ליום 1.1.2012,01/01/2012,יישום החוק,,,שר החינוך,,חינוך; גילאים צעירים,"התקבל בהחלטת ממשלה מיום 8.1.12, החלטה מספר 4088 [http://147.237.72.239/PMO/Secretarial/Decisions/2012/01/des4088.htm]",100
11,"דו""ח ועדת טרכטנברג",שירותים חברתיים - חינוך,גילאי 3-9,מסגרות צהריים לגילאי 3-9,החלה אוניברסלית מדורגת של מסגרות לימודיות לשעות אחר הצהריים בימים א'-ה' בגנים ובבתי הספר הרשמיים בגילאי 3-9 ועד השעה 16:00,קיום יום לימודים ארוך עד השעה 16:00 לילדים בגילאי 3-9,"יישום מלא עד לתשע""ו.  תחילת ביצוע בתשע""ג - יום חינך ארוך באשכולות 1-3 וחלק מאשכול 4 כבר בספטמבר 2012.","שיפור החינוך, הקלה על יוקר המחיה, עידוד תעסוקה","7 מליארדי שקלים במהלך החומש הקרוב (עלות תוספתית לבסיס תקציב החינוך של 2.350 מליארד ₪). 300 מלש""ח ב- 2012, מליארד ₪ ב- 2013 למימון הפעימה הראשונה. אשכולות 1-3 בחינם, אשכולות 4-10 השתתפות הורים ורשויות דיפרנציאלי עם 50% ממוצע סבסוד מדינה",7000,שר החינוך,,חינוך; גילאים צעירים,"התקבל בהחלטת ממשלה מיום 8.1.12, החלטה מספר 4088 [http://147.237.72.239/PMO/Secretarial/Decisions/2012/01/des4088.htm]",100
12,"דו""ח ועדת טרכטנברג",שירותים חברתיים - חינוך,גילאי 3-9,מסגרות צהריים לגילאי 3-9,"הקמת וועדה היגוי בין משרדית (חינוך, פנים, תקציבים, שלטון מקומי) לגיבוש תוכנית עבודה מפורטת ",הקמת וועדת היגוי,01/01/2012,יישום תוכנית יום לימודים ארוך,,,שר החינוך,,חינוך; גילאים צעירים; הליכי יישום מעקב ובקרה,"התקבל בהחלטת ממשלה מיום 8.1.12, החלטה מספר 4088 [http://147.237.72.239/PMO/Secretarial/Decisions/2012/01/des4088.htm]",100
13,"דו""ח ועדת טרכטנברג",שירותים חברתיים - חינוך,גילאי 3-9,מסגרות צהריים לגילאי 3-9,הקמת מינהלת ביצוע מקצועית שתהא אחראית על הביצוע המהלך והתפעול השוטף שלו,הקמת מנהלת ביצוע,,יישום תוכנית יום לימודים ארוך,,,שר החינוך,,חינוך; גילאים צעירים; הליכי יישום מעקב ובקרה
14,"דו""ח ועדת טרכטנברג",שירותים חברתיים - חינוך,גילאי 3-9,הפחתת הנטל בתשלומי הורים וברכישת ספרי לימוד,יצירת מנגנון פרוגרסיבי לגביית תשלומי הורים ,קיום מנגנון פרוגרסיבי לגביית תשלומי הורים ,יצירת מנגנון פרוגרסיבי לגביית תשלומי הורים. ,הפחתת נטל ההוצאה הפרטית על חינוך  של משקי בית,"כחלק מהפחתת הנטל בתשלומי הורים ורכישת ספרים שעלותו הכוללת היא שני מליארד ₪ על פני החומש הקרוב. הקצאת סכום תוספתי של 150 מלש""ח לבסיס תקציב משרד החינוך בשנת 2012 והעלאתו בשתי פעימות ל - 500 מלש""ח משנת 2014 ואילך",2000,שר החינוך,,חינוך,"התקבל בהחלטת ממשלה מיום 8.1.12, החלטה מספר 4088 [http://147.237.72.239/PMO/Secretarial/Decisions/2012/01/des4088.htm]",100
15,"דו""ח ועדת טרכטנברג",שירותים חברתיים - חינוך,גילאי 3-9,הפחתת הנטל בתשלומי הורים וברכישת ספרי לימוד,הסרת החסמים בפרויקט השאלת ספרי לימוד,פריסה ארצית של פרוייקט השאלת ספרי לימוד,"הרחבת פרוייקט השאלת ספרי לימוד  - החל מתשע""ג ועד לפריסה ארצית בתשע""ז.",הפחתת נטל ההוצאה הפרטית על חינוך  של משקי בית,"כחלק מהפחתת הנטל בתשלומי הורים ורכישת ספרים שעלותו הכוללת היא שני מליארד ₪ על פני החומש הקרוב. הקצאת סכום תוספתי של 150 מלש""ח לבסיס תקציב משרד החינוך בשנת 2012 והעלאתו בשתי פעימות ל - 500 מלש""ח משנת 2014 ואילך",2000,שר החינוך,,חינוך,"התקבל בהחלטת ממשלה מיום 8.1.12, החלטה מספר 4088 [http://147.237.72.239/PMO/Secretarial/Decisions/2012/01/des4088.htm]",100
16,"דו""ח ועדת טרכטנברג",שירותים חברתיים - חינוך,גילאי 3-9,הפחתת הנטל בתשלומי הורים וברכישת ספרי לימוד,דיגיטציה של ספרי לימוד,הצבעה בכלל בתי הספר עד לספטמבר 2012,"דיגיטציה -  החל מתשע""ג ועד לפריסה ארצית בתשע""ז.",הפחתת נטל ההוצאה הפרטית על חינוך  של משקי בית,"כחלק מהפחתת הנטל בתשלומי הורים ורכישת ספרים שעלותו הכוללת היא שני מליארד ₪ על פני החומש הקרוב. הקצאת סכום תוספתי של 150 מלש""ח לבסיס תקציב משרד החינוך בשנת 2012 והעלאתו בשתי פעימות ל - 500 מלש""ח משנת 2014 ואילך",2000,שר החינוך,,חינוך,"התקבל בהחלטת ממשלה מיום 8.1.12, החלטה מספר 4088 [http://147.237.72.239/PMO/Secretarial/Decisions/2012/01/des4088.htm]",100
17,"דו""ח ועדת טרכטנברג",שירותים חברתיים - חינוך,גילאי 3-9,הפחתת הנטל בתשלומי הורים וברכישת ספרי לימוד,הגברת הפיקוח והאכיפה על מחירי ספרי הלימוד,,27/8/12,הפחתת נטל ההוצאה הפרטית על חינוך  של משקי בית,"כחלק מהפחתת הנטל בתשלומי הורים ורכישת ספרים שעלותו הכוללת היא שני מליארד ₪ על פני החומש הקרוב. הקצאת סכום תוספתי של 150 מלש""ח לבסיס תקציב משרד החינוך בשנת 2012 והעלאתו בשתי פעימות ל - 500 מלש""ח משנת 2014 ואילך",2000,שר החינוך,,חינוך,"התקבל בהחלטת ממשלה מיום 8.1.12, החלטה מספר 4088 [http://147.237.72.239/PMO/Secretarial/Decisions/2012/01/des4088.htm]",100
18,"דו""ח ועדת טרכטנברג",שירותים חברתיים - חינוך,תנועות נוער,תנועות נוער,תגבור תקציב תנועות הנוער,תקצוב,01/01/2012,תוספת תקציבית,"תוספת של 20 מלש""ח לבסיס תקציב החינוך (מתוכם 5 ממקורות פנימיים במשרד החינוך)",20,שר החינוך,,חינוך,"התקבל בהחלטת ממשלה מיום 8.1.12, החלטה מספר 4088 [http://147.237.72.239/PMO/Secretarial/Decisions/2012/01/des4088.htm]",100
19,"דו""ח ועדת טרכטנברג",שירותים חברתיים - חינוך,, חינוך,יישום החלת מסגרות אחר-צהריים בגילאי 3-9 ,הקמת וועדת היגוי בין-משרדית  ארצית ומנהלת ביצוע לטובת יישום מהלך כולל ,27/8/14,הפעלת מסגרות אחר - הצהריים בגילאי 3-9,,," משרד החינוך בשיתוף אג""ת",,חינוך,"התקבל בהחלטת ממשלה מיום 8.1.12, החלטה מספר 4088 [http://147.237.72.239/PMO/Secretarial/Decisions/2012/01/des4088.htm]",100
20,"דו""ח ועדת טרכטנברג",שירותים חברתיים - חינוך,,חינוך,דיגיטציה,דיגיטציה של ספרי לימוד קיימים וחיוב מהדורה דיגיטלית של ספרי לימוד חדשים,27/8/15,תכני לימוד דיגיטליים אשר יהוו תחליף לשימוש בספרי לימוד,,,משרד החינוך,,חינוך
21,"דו""ח ועדת טרכטנברג",שירותים חברתיים - חינוך,,חינוך 0-3,העברת אחריות לשר החינוך,"צוות יישום בראשות חינוך ובשיתוף תמ""ת ואוצר",09/01/2012,מודל העברת אחריות,,,שר החינוך,,"חינוך, תעסוקה"
22,"דו""ח ועדת טרכטנברג",שוק העבודה - חרדים,,התמודדות עם החסם החוקי,"התנדבות לשירות צבאי או שירות אזרחי. בנוסף, לאפשר שירות אזרחי-בטחוני בחדרי מיון בבתי חולים. ","עמידה ביעדי ההתנדבות מתוקף החלטה מס' 2698 מיום 9.1.2011, הקובעים כי החל מ-2015 למעלה מ-60% ממחזור הגברים החרדי יתנדב לאחד מהמסלולים האמורים","2,400 מתנדבים בשנת 2012 (1,200 שירות צבאי ו-1,200 שירות אזרחי), בשנת 2015 - 4,800 מתנדבים",שילוב בתעסוקה של למעלה משני שליש מהמתנדבים ,"כחלק מהתמודדות עם החסמים בשוק העבודה - חרדים, שעלותו הכוללת היא 760 מלש""ח על פני החומש הקרוב (60 ב- 2012, 95 ב- 2013 ועד ל- 235 ב- 2016). ",760,"שר האוצר, שר התמ""ת; שר הבריאות",,"חרדים, תעסוקה"
23,"דו""ח ועדת טרכטנברג",שוק העבודה - חרדים,,התמודדות עם החסם המקצועי,"פרישה ארצית של מרכזי הכוון תעסוקתי יעודיים לאוכלוסייה החרדית, בשיתוף הרשויות המקומיות","הכוונה תעסוקתית של כ-4,000 חרדים בשנת 2012 ובמתווה עולה, עד לכ-12,000 חרדים בשנת 2015",01/01/2012,השמה ישירה בעבודה או במערכת ההשכלה הגבוהה של למעלה ממחצית הפונים,"כחלק מהתמודדות עם החסמים בשוק העבודה - חרדים, שעלותו הכוללת היא 760 מלש""ח על פני החומש הקרוב (60 ב- 2012, 95 ב- 2013 ועד ל- 235 ב- 2016). ",760,"שר האוצר, שר התמ""ת, שר החינוך",,"חרדים, תעסוקה"
24,"דו""ח ועדת טרכטנברג",שוק העבודה - חרדים,,התמודדות עם החסם המקצועי,הקצאת שוברי הכשרה מקצועית,הקצאה של כ-500 שוברים מדי שנה,01/01/2012,"ניצול מלא של השוברים, תשלום החלק השלישי בשובר בעבור כשני שליש מהמוכשרים","כחלק מהתמודדות עם החסמים בשוק העבודה - חרדים, שעלותו הכוללת היא 760 מלש""ח על פני החומש הקרוב (60 ב- 2012, 95 ב- 2013 ועד ל- 235 ב- 2016). ",760,"שר האוצר, שר התמ""ת, שר החינוך",,"חרדים, תעסוקה"
25,"דו""ח ועדת טרכטנברג",שוק העבודה - חרדים,,התמודדות עם החסם המקצועי,מכינה אקדמית למתנדבים לשירות אזרחי,"הגדלה הדרגתית של מספר התלמידים, עד למחזור של כ-370 תלמידים חדשים בשנת 2015",01/01/2012,מעבר לאקדמיה של 75% מהלומדים במכינה עם תום השירות האזרחי,"כחלק מהתמודדות עם החסמים בשוק העבודה - חרדים, שעלותו הכוללת היא 760 מלש""ח על פני החומש הקרוב (60 ב- 2012, 95 ב- 2013 ועד ל- 235 ב- 2016). ",760,"שר האוצר, שר החינוך, וות""ת",,"חרדים, תעסוקה"
26,"דו""ח ועדת טרכטנברג",שוק העבודה - חרדים,,התמודדות עם החסם המקצועי ,תכנית נסיונית ללימודי בגרות לאחר שעות הישיבה,300 משתתפים חדשים מדי שנה במהלך שלוש השנים הראשונות,01/01/2012, גיוס צבאי / שירות אזרחי של 75% מהמשתתפים בתכנית,"כחלק מהתמודדות עם החסמים בשוק העבודה - חרדים, שעלותו הכוללת היא 760 מלש""ח על פני החומש הקרוב (60 ב- 2012, 95 ב- 2013 ועד ל- 235 ב- 2016). ",760,"שר האוצר, שר החינוך",,"חרדים, תעסוקה"
27,"דו""ח ועדת טרכטנברג",שוק העבודה - חרדים,,התמודדות עם החסם המקצועי ,"הרחבת תכנית ""חרדים לעתידם"" המממנת לימודים אקדמאיים במקצועות נדרשים ","הגדלה הדרגתית של מספר התלמידים, עד למחזור שנתי של כ-1,000 תלמידים חדשים בשנת 2015",01/01/2012,השתלבות בתעסוקה של 85% ממסיימי התואר,"כחלק מהתמודדות עם החסמים בשוק העבודה - חרדים, שעלותו הכוללת היא 760 מלש""ח על פני החומש הקרוב (60 ב- 2012, 95 ב- 2013 ועד ל- 235 ב- 2016). ",760,"שר האוצר, שר החינוך, וות""ת",,"חרדים, תעסוקה"
28,"דו""ח ועדת טרכטנברג",שוק העבודה - חרדים,,התמודדות עם החסם המקצועי ,"הרחבת מספר התלמידים החרדים במערכות החינוך הטכנולוגי של משרדי התמ""ת והחינוך","הגדלה הדרגתית של מספר התלמידים, עד למחזור שנתי של למעלה מ-1,500 תלמידים חדשים בשנת 2015",09/01/2012, גיוס צבאי / שירות אזרחי של 75% מהמשתתפים בתכנית,"כחלק מהתמודדות עם החסמים בשוק העבודה - חרדים, שעלותו הכוללת היא 760 מלש""ח על פני החומש הקרוב (60 ב- 2012, 95 ב- 2013 ועד ל- 235 ב- 2016). ",760,"שר האוצר, שר החינוך",,"חרדים, תעסוקה"
29,"דו""ח ועדת טרכטנברג",שוק העבודה - חרדים,,התמודדות עם החסם המקצועי,"חיוב כל התלמידים בביצוע מבחני מיצ""ב - לרבות כלל התלמידים במסגרות חינוך חרדיות ","החלת מבחני המיצ""ב המהווים מדד אמין לבחינת היקף ואיכות הלימודים על כלל התלמידים בישראל בכיתות הנהוגות כיום (כיתות ב', ה' ו-ח').",27/8/12,,"כחלק מהתמודדות עם החסמים בשוק העבודה - חרדים, שעלותו הכוללת היא 760 מלש""ח על פני החומש הקרוב (60 ב- 2012, 95 ב- 2013 ועד ל- 235 ב- 2016). ",760,"ראש הממשלה, שר החינוך",,"חרדים, תעסוקה, חינוך"
30,"דו""ח ועדת טרכטנברג",שוק העבודה - חרדים,,התמודדות עם החסם המקצועי,המשך שיפור מערך הפיקוח במוסדות החרדיים,הרחבת מערך הפיקוח הקיים ואכיפת קיומם של לימודי היסוד להכשרה לתעסוקה בהתאם לאחוז התקצוב של מוסדות החינוך החרדיים,01/01/2012,,"כחלק מהתמודדות עם החסמים בשוק העבודה - חרדים, שעלותו הכוללת היא 760 מלש""ח על פני החומש הקרוב (60 ב- 2012, 95 ב- 2013 ועד ל- 235 ב- 2016). ",760,"ראש הממשלה, שר החינוך",,"חרדים, תעסוקה, חינוך"
31,"דו""ח ועדת טרכטנברג",שוק העבודה - חרדים,,התמודדות עם החסם הכלכלי,החלת העקרונות שנקבעו על ידי ועדת גבאי לעניין מלגות קיום לאברכים גם על התמיכה הניתנת לישיבות בגין התלמידים,"החלת העקרונות שנקבעו על ידי ועדת גבאי, כך שתיווצר אבחנה בין מרבית תלמידי הכוללים אשר יוכלו לקבל תמיכה למשך לא יותר מחמש שנים, לבין קבוצה קטנה ומובחרת של תלמידים הבוחרים להתמיד בלימודים בכולל, תוך קביעת יחסים מספריים בין קבוצות אלו. זאת, תוך יצירת מתווה המתמרץ את תלמיד הכולל, במהלך השנה האחרונה ללימודיו בכולל, להשתלב בתעסוקה או בהכשרות מקצועיות",12/01/2011,שילוב בתעסוקה של לפחות שליש מהאברכים הלומדים בכוללים,"כחלק מהתמודדות עם החסמים בשוק העבודה - חרדים, שעלותו הכוללת היא 760 מלש""ח על פני החומש הקרוב (60 ב- 2012, 95 ב- 2013 ועד ל- 235 ב- 2016). ",760,"ראש הממשלה, שר החינוך, שר האוצר",,"חרדים, תעסוקה, חינוך"
32,"דו""ח ועדת טרכטנברג",שוק העבודה - חרדים,,התמודדות עם החסם הכלכלי,"ביטול התמיכה לכוללים בגין תלמידי ישיבה המגיעים מחו""ל לטובת לימודי ישיבה בארץ ",,12/01/2011,,"כחלק מהתמודדות עם החסמים בשוק העבודה - חרדים, שעלותו הכוללת היא 760 מלש""ח על פני החומש הקרוב (60 ב- 2012, 95 ב- 2013 ועד ל- 235 ב- 2016). ",760,"ראש הממשלה, שר החינוך, שר האוצר",,"חרדים, תעסוקה, חינוך"
34,"דו""ח ועדת טרכטנברג",שוק העבודה - מיעוטים,,התמודדות עם חסמים לתעסוקה ,התנדבות לשירות אזרחי-לאומי,"עמידה ביעדי ההתנדבות הקבועים בהחלטה מס' 3564 מיום 31.7.2011, כך שלמעלה מ-20% משנתון בנות המיעוטים יתנדב בשנת 2014.",09/01/2012,שילוב בתעסוקה ו/או באקדמיה של לפחות 75% מהמתנדבים,"כחלק מהתמודדות עם החסמים לתעסוקה בשוק העבודה - מיעוטים, שעלותו הכוללת היא 785 מלש""ח על פני החומש הקרוב (2012 - 120; 2013 - 150; 2014 - 185; 2015 - 165; 2016 - 165)",785,"שר האוצר, שר התמ""ת; שר החינוך",,"מיעוטים, תעסוקה",לדעתי זה לא התקבל
35,"דו""ח ועדת טרכטנברג",שוק העבודה - מיעוטים,,התמודדות עם חסמים לתעסוקה ,"הרחבת תכנית ""אשת חיל"" המספקת ליווי, העצמה והכוון תעסוקתי לנשים ממגזר המיעוטים שאינן משתתפות בשוק העבודה.","התכנית תורחב ל-36 ישובים חדשים, ותכלול 1,080 משתתפות חדשות מדי שנה.",01/01/2012,השמה בעבודה או במערכת ההשכלה הגבוהה של לפחות 70% מהמשתתפות,"כחלק מהתמודדות עם החסמים לתעסוקה בשוק העבודה - מיעוטים, שעלותו הכוללת היא 785 מלש""ח על פני החומש הקרוב (2012 - 120; 2013 - 150; 2014 - 185; 2015 - 165; 2016 - 165)",785,"שר האוצר, שר התמ""ת",,"מיעוטים, תעסוקה","התקבל בהחלטת ממשלה מיום 29.1.12, החלטה מספר 4193 [http://www.pmo.gov.il/PMO/Secretarial/Decisions/2012/01/des4193.htm] "
36,"דו""ח ועדת טרכטנברג",שוק העבודה - מיעוטים,,התמודדות עם חסמים לתעסוקה ,הפעלת מרכזי הכוון יעודיים לאוכלוסיית המיעוטים,"הכוונה תעסוקתית של כ-7,500 בני מיעוטים בשנת 2012 ובמתווה עולה, עד לכ-16,250 בני מיעוטים בשנת 2016",,השמה ישירה בעבודה או במערכת ההשכלה הגבוהה של למעלה ממחצית הפונים,"כחלק מהתמודדות עם החסמים לתעסוקה בשוק העבודה - מיעוטים, שעלותו הכוללת היא 785 מלש""ח על פני החומש הקרוב (2012 - 120; 2013 - 150; 2014 - 185; 2015 - 165; 2016 - 165)",785,"שר האוצר, שר התמ""ת",,"מיעוטים, תעסוקה","התקבל בהחלטת ממשלה מיום 29.1.12, החלטה מספר 4193 [http://www.pmo.gov.il/PMO/Secretarial/Decisions/2012/01/des4193.htm] "
37,"דו""ח ועדת טרכטנברג",שוק העבודה - מיעוטים,,התמודדות עם חסמים לתעסוקה ,הפעלת תכנית להקניית כישורים תעסוקתיים בסיסיים וללימודי שפה למתנדבי השירות האזרחי-לאומי המעוניינים בכך,,01/01/2012,,"כחלק מהתמודדות עם החסמים לתעסוקה בשוק העבודה - מיעוטים, שעלותו הכוללת היא 785 מלש""ח על פני החומש הקרוב (2012 - 120; 2013 - 150; 2014 - 185; 2015 - 165; 2016 - 165)",785,"שר האוצר, שר התמ""ת",,"מיעוטים, תעסוקה","התקבל בהחלטת ממשלה מיום 29.1.12, החלטה מספר 4193 בהבדל: ללא קשר לשירות לאומי[http://www.pmo.gov.il/PMO/Secretarial/Decisions/2012/01/des4193.htm] "
38,"דו""ח ועדת טרכטנברג",שוק העבודה - מיעוטים,,התמודדות עם חסמים לתעסוקה ,סבסוד מעונות יום לנשים ממגזר המיעוטים העובדות במשרות חלקיות ומתן עדיפות לילדי נשים ממגזר המיעוטים בקבלה למעון.  נשים ממגזר המיעוטים אשר עובדות לפחות 24 שעות שבועיות יקבלו סבסוד הזהה לסבסוד שמקבלות שאר האימהות העובדות 36 שעות שבועיות,"סבסוד שהות של כ-1,100 ילדי נשים העובדות במשרות חלקיות בשנה""ל התשע""ג, ובמתווה עולה, עד לכ-7,000 בשנת 2015",27/8/12, עידוד השתלבות בתעסוקה של נשים ממגזר המיעוטים ,"כחלק מהתמודדות עם החסמים לתעסוקה בשוק העבודה - מיעוטים, שעלותו הכוללת היא 785 מלש""ח על פני החומש הקרוב (2012 - 120; 2013 - 150; 2014 - 185; 2015 - 165; 2016 - 165)",785,"שר האוצר, שר החינוך וב- 2012 בשיתוף עם שר התמ""ת",,"מיעוטים, תעסוקה"
39,"דו""ח ועדת טרכטנברג",שוק העבודה - מיעוטים,,התמודדות עם חסמים לתעסוקה ,"מיקוד עבודת היחידה לאכיפת חוקי עבודה במשרד התמ""ת, בפעילות אכיפה יזומה כנגד מעסיקים המפירים את זכויותיהם של עובדים בשכר נמוך","אישור החוק להגברת האכיפה בכנסת ומיקוד פעילות האכיפה המנהלית כנגד הפרת ""חוקים משפיעי שכר""",01/01/2012,הגדלה פי 3 של מספר המעסיקים הנבדקים מדי שנה ,"כחלק מהתמודדות עם החסמים לתעסוקה בשוק העבודה - מיעוטים, שעלותו הכוללת היא 785 מלש""ח על פני החומש הקרוב (2012 - 120; 2013 - 150; 2014 - 185; 2015 - 165; 2016 - 165)",785,"שר האוצר, שר התמ""ת",,"מיעוטים, תעסוקה"
40,"דו""ח ועדת טרכטנברג",שוק העבודה - מיעוטים,,התמודדות עם חסמים לתעסוקה ,"הרחבת מספר התלמידות בנות המיעוטים במערכות החינוך הטכנולוגי של משרדי החינוך והתמ""ת ","הרחבת מספר התלמידות בלמעלה מ-3,000 תלמידות בתוך חמש שנים",09/01/2012, השתלבות בתעסוקה של לפחות שני שליש מהתלמידות,"כחלק מהתמודדות עם החסמים לתעסוקה בשוק העבודה - מיעוטים, שעלותו הכוללת היא 785 מלש""ח על פני החומש הקרוב (2012 - 120; 2013 - 150; 2014 - 185; 2015 - 165; 2016 - 165)",785,"שר האוצר, שר התמ""ת, שר החינוך",,"מיעוטים, תעסוקה"
41,"דו""ח ועדת טרכטנברג",שוק העבודה - מיעוטים,,התמודדות עם חסמים לתעסוקה ,הפעלת מספר כלים לעידוד הביקוש לעובדים בני מיעוטים,גיבוש התכנית ויישומה על פני 4 שנים,29/2/2012,,"כחלק מהתמודדות עם החסמים לתעסוקה בשוק העבודה - מיעוטים, שעלותו הכוללת היא 785 מלש""ח על פני החומש הקרוב (2012 - 120; 2013 - 150; 2014 - 185; 2015 - 165; 2016 - 165)",785,"שר האוצר, שר התמ""ת",,"מיעוטים, תעסוקה"
42,"דו""ח ועדת טרכטנברג",שוק העבודה - מיעוטים,,התמודדות עם חסמים לתעסוקה ,"הפעלת תכנית ללימודי סיעוד לנשים ממגזר המיעוטים בדרום הארץ, הכוללת מימון לימודים ומלגות קיום",קליטת 120 משתתפות חדשות בשנה,27/8/12,סיום לימודים בהצלחה והשתלבות בעבודה בסיעוד של כ-85% מהתלמידות ,"כחלק מהתמודדות עם החסמים לתעסוקה בשוק העבודה - מיעוטים, שעלותו הכוללת היא 785 מלש""ח על פני החומש הקרוב (2012 - 120; 2013 - 150; 2014 - 185; 2015 - 165; 2016 - 165)",785,"שר האוצר, שר התמ""ת",,"מיעוטים, תעסוקה"
43,"דו""ח ועדת טרכטנברג",שוק העבודה - מיעוטים,,התמודדות עם חסמים לתעסוקה ,"הפעלת תכנית להשלמת השכלת יסוד (""תכנית עידית""), תוך כדי מתן ליווי שוטף והכוון תעסוקתי עם סוף הלימודים","קליטת 300 משתתפות חדשות בשנת 2012, והרחבה עד ל-450 משתתפות בשנת 2015",01/01/2012,קליטה בתעסוקה של לפחות מחצית מהמשתתפות,"כחלק מהתמודדות עם החסמים לתעסוקה בשוק העבודה - מיעוטים, שעלותו הכוללת היא 785 מלש""ח על פני החומש הקרוב (2012 - 120; 2013 - 150; 2014 - 185; 2015 - 165; 2016 - 165)",785,"שר האוצר, שר החינוך",,"מיעוטים, תעסוקה"
44,"דו""ח ועדת טרכטנברג",שוק העבודה - מיעוטים,,התמודדות עם חסמים לתעסוקה ,"הפעלת תכנית הכשרה להשכלה גבוהה (חיזוק אנגלית, הכנה לפסיכומטרי, ייעוץ והכוון וכו'). התכנית תופעל על ידי מרכזי ההכוון הייעודיים","קליטת 500 משתתפות  בשנת 2012, והרחבה הדרגתית עד ל-1,250 משתתפות בשנת 2016",01/01/2012,*,"כחלק מהתמודדות עם החסמים לתעסוקה בשוק העבודה - מיעוטים, שעלותו הכוללת היא 785 מלש""ח על פני החומש הקרוב (2012 - 120; 2013 - 150; 2014 - 185; 2015 - 165; 2016 - 165)",785,"שר האוצר, שר החינוך, וות""ת",,"מיעוטים, תעסוקה"
45,"דו""ח ועדת טרכטנברג",שוק העבודה - מיעוטים,,התמודדות עם חסמים לתעסוקה,הקצאת שוברי הכשרה מקצועית,"הקצאה של כ-500 שוברים מדי שנה, ובמתווה עולה, עד לכ-2,000 חרדים בשנת 2016",01/01/2012,"ניצול מלא של השוברים, תשלום החלק השלישי בשובר בעבור כשני שליש מהמוכשרים","כחלק מהתמודדות עם החסמים לתעסוקה בשוק העבודה - מיעוטים, שעלותו הכוללת היא 785 מלש""ח על פני החומש הקרוב (2012 - 120; 2013 - 150; 2014 - 185; 2015 - 165; 2016 - 165)",785,"שר האוצר, שר התמ""ת",,"מיעוטים, תעסוקה"
46,"דו""ח ועדת טרכטנברג",שוק העבודה - מיעוטים,,התמודדות עם חסמים לתעסוקה,"יישום 4 תכניות החומש למגזר המיעוטים (בעלות כוללת של כ-3 מיליארד ש""ח)",,,,"כחלק מהתמודדות עם החסמים לתעסוקה בשוק העבודה - מיעוטים, שעלותו הכוללת היא 785 מלש""ח על פני החומש הקרוב (2012 - 120; 2013 - 150; 2014 - 185; 2015 - 165; 2016 - 165)",785,"משרד ראש הממשלה - הרשות לפיתוח המגזר היהודי, שר האוצר, משרדי ממשלה נוספים",,"מיעוטים, תעסוקה"
47,"דו""ח ועדת טרכטנברג",שוק העבודה- מענקי מס הכנסה שלילי,,מענק מס הכנסה שלילי, הגדלת המענק ב-50% לאימהות עובדות,לפחות 60% מיצוי של ההטבה מתוך אוכלוסיית הזכאים,01/01/2013, צמצום תחולת העוני,"800 מלש""ח על פני החומש (200 בשנה החל מ- 2013)",800,שר האוצר,,"אימהות עובדות, תעסוקה"
48,"דו""ח ועדת טרכטנברג",שוק העבודה- מענקי מס הכנסה שלילי,,תעסוקת בעלי מוגבלויות,הקמת מרכזי הכוון וליווי תעסוקתי ,,01/01/2013,,"330 מלש""ח (50 חד פעמי ב-2013 ו-70 מלש""ח בכל אחת מהשנים 2013-2016)",330,"שר התמ""ת, שר הרווחה, שר האוצר",,"בעלי מוגבלויות, תעסוקה"
52,"דו""ח ועדת טרכטנברג",שוק העבודה - אכיפת חוקי עבודה,,אכיפת חוקי עבודה, אישור הצעת החוק הממשלתית להגברת האכיפה של חוקי עבודה," אישור החוק להגברת האכיפה בכנסת ומיקוד פעילות האכיפה המנהלית כנגד הפרת ""חוקים משפיעי שכר""",31/12/2011,הגדלה פי 3 של מספר המעסיקים הנבדקים מדי שנה,,,"שר התמ""ת, שר המשפטים, שר האוצר",,"תעסוקה, דיני עבודה"
53,"דו""ח ועדת טרכטנברג",שוק העבודה - אכיפת חוקי עבודה,,אכיפת חוקי עבודה,"החלת שיתוף מידע של מערך האכיפה במשרד התעשייה, המסחר והתעסוקה עם רשות המסים ועם המוסד לביטוח לאומי, בכפוף לבחינת התכנות משפטית",הנחיה מנהלית/תיקון חקיקה,,,,,"שר האוצר, שר התמ""ת, שר המשפטים",,"תעסוקה, דיני עבודה"
54,"דו""ח ועדת טרכטנברג",שוק העבודה - אכיפת חוקי עבודה,,אכיפת חוקי עבודה,"תגבור כוח האדם לאכיפת חוקי עבודה בהתאם למתווה שיקבע על ידי שר התמ""ת ושר האוצר",תפוקות מפורטת לתחומי האכיפה שיתוגברו ולכמות העיצומים הכספיים וההתראות שיינתנו ,,בהתאם למתווה שיקבע,,,,,"תעסוקה, דיני עבודה"
55,"דו""ח ועדת טרכטנברג",שוק העבודה - עובדים זרים והשפעתם על המשק הישראלי,,ענפי הבניין והחקלאות,לדבוק בהחלטות הממשלה בנושא שעיקרן צמצום מספר העובדים הזרים והעלאת האטרקטיביות של העובד הישראלי, עמידה בהחלטות הממשלה – החלטה מספר 3453 מיום 10.7.2011 בענף הבניין והחלטה מספר 2921 מיום 3.3.2011 בענף החקלאות,01/01/2016,"הפחתת מכסות העובדים הזרים ל-18,900 בענף החקלאות עד לשנת 2015 ול-0 בענף הבניין עד לשנת 2016",,,"שר האוצר, שר השיכון, שר הפנים, שר התמ""ת",,ענף הבנייה
56,"דו""ח ועדת טרכטנברג",שוק העבודה - עובדים זרים והשפעתם על המשק הישראלי,,הסדרים בילטראליים,מניעת תופעת הגבייה של דמי תיווך שלא כחוק על ידי הסדרים בילטראליים לגיוס העובדים ללא שיתוף גורמים פרטיים בהליך (הסדר מדינה מול מדינה) ,חתימה על הסדרים בילטראליים עם מדינות המוצא של העובדים הכולל הליך גיוס שלא באמצעות חברות פרטיות אלא על ידי מדינת המוצא בלבד,,הבאת עובדים זרים אך ורק במסגרת הסדרים בילטראליים ללא גביית דמי תיווך שלא כחוק,,,"שר הפנים, שר המשפטים, שר האוצר, שר התמ""ת",,דמי תיווך
57,"דו""ח ועדת טרכטנברג",שוק העבודה - עובדים זרים והשפעתם על המשק הישראלי,,עידוד יציאה כחוק של עובדים זרים,החלת פיקדון יציאה מרצון בכלל הענפים בהם מועסקים עובדים זרים,התקנת תקנות המחילות את הפיקדון על כלל הענפים,,צמצום מספר העובדים הנשארים בישראל שלא כחוק בתום תקופת שהייתם החוקית בישראל,,,"שר הפנים, שר המשפטים, שר האוצר",,עובדים זרים
58,"דו""ח ועדת טרכטנברג",שוק העבודה - עובדים זרים והשפעתם על המשק הישראלי,,מסתננים מגבול מצרים,המשך פעולות הממשלה ,"יישום החלטות הממשלה בנושא, וכן השלמת בניית הגדר ",1/1/2013,צמצום מספר המסתננים הנכנסים ,,,"ראש הממשלה, שר האוצר, שר הבטחון",,מסתננים
59,"דו""ח ועדת טרכטנברג",תחבורה,,תחבורה ציבורית,רשת קווים מהירים פריפריה מרכז,הפעלת רשת קווים מהירים מהפריפריה למרכז,1/1/2012,שיפור השירות מהפריפריה למרכז והפחתת התלות ברכב הפרטי,כחלק מתחבורה ציבורית שעלותו הכוללת היא 2.5 מליארד ₪ על פני החומש הקרוב מתוכם כ- 1.3 ממקורות פנימיים ושינוי בסדרי עדיפויות תקציביים ו- 1.2 ממקורות תוספתיים,2500,"שר האוצר, שר התחבורה",,תחבורה
60,"דו""ח ועדת טרכטנברג",תחבורה,,תחבורה ציבורית,שיפור מערך המידע לציבור,"פריסת שלטי מידע בזמן אמת ברחבי הארץ, שיפור המידע באוטובוס ושיפור אתר המידע המרכזי ",01/01/2012,שיפור מערך המידע לציבור,כחלק מתחבורה ציבורית שעלותו הכוללת היא 2.5 מליארד ₪ על פני החומש הקרוב מתוכם כ- 1.3 ממקורות פנימיים ושינוי בסדרי עדיפויות תקציביים ו- 1.2 ממקורות תוספתיים,2500,"שר האוצר, שר התחבורה",,"תחבורה, מידע","התקבל בהחלטת ממשלה מיום 18.12.12, החלטה מספר 3989 [http://147.237.72.239/PMO/Secretarial/Decisions/2011/12/des3989.htm] ",100
61,"דו""ח ועדת טרכטנברג",תחבורה,,תחבורה ציבורית,כרטוס משולב עם הרכבת,יצירת כרטיסים משולבים עם הרכבת,01/01/2012,שיפור השילוביות עם הרכבת,כחלק מתחבורה ציבורית שעלותו הכוללת היא 2.5 מליארד ₪ על פני החומש הקרוב מתוכם כ- 1.3 ממקורות פנימיים ושינוי בסדרי עדיפויות תקציביים ו- 1.2 ממקורות תוספתיים,2500,"שר האוצר, שר התחבורה",,תחבורה
62,"דו""ח ועדת טרכטנברג",תחבורה,,תחבורה ציבורית,שירותי תחבורה ציבורית ממוקדים לקשישים,הפעלת קווי תחבורה ציבורית ממוקדים לצרכי קשישים ,01/01/2012,שיפור שירותי התחבורה הציבורית הניתנים לקשישים,כחלק מתחבורה ציבורית שעלותו הכוללת היא 2.5 מליארד ₪ על פני החומש הקרוב מתוכם כ- 1.3 ממקורות פנימיים ושינוי בסדרי עדיפויות תקציביים ו- 1.2 ממקורות תוספתיים,2500,"שר האוצר, שר התחבורה",,"תחבורה, קשישים"
63,"דו""ח ועדת טרכטנברג",תחבורה,,תחבורה ציבורית,הגדרת תנאי סף לשירותי תחבורה ציבורית בפריפריה,הפעלת מערך קווים לכלל היישובים בפריפריה תוך שמירה על סטנדרט שירות מינימאלי,01/01/2012,הבטחת רמת ניידות לתושבי הפריפריה,כחלק מתחבורה ציבורית שעלותו הכוללת היא 2.5 מליארד ₪ על פני החומש הקרוב מתוכם כ- 1.3 ממקורות פנימיים ושינוי בסדרי עדיפויות תקציביים ו- 1.2 ממקורות תוספתיים,2500,"שר האוצר, שר התחבורה",,תחבורה
64,"דו""ח ועדת טרכטנברג",תחבורה,,תחבורה ציבורית,הגברת השילוביות,הפעלת קווים המשולבים עם פעילות הרכבת ,01/01/2012,שיפור רמת השילוביות עם רכבת ישראל,כחלק מתחבורה ציבורית שעלותו הכוללת היא 2.5 מליארד ₪ על פני החומש הקרוב מתוכם כ- 1.3 ממקורות פנימיים ושינוי בסדרי עדיפויות תקציביים ו- 1.2 ממקורות תוספתיים,2500,"שר האוצר, שר התחבורה",,תחבורה
65,"דו""ח ועדת טרכטנברג",תחבורה,,תחבורה ציבורית,אכיפה בנתיבי תחבורה ציבורית,הפעלת מערך אכיפה מבוסס מצלמות בנתיבי תחבורה ציבורית ,01/01/2012,אכיפה יעילה בנתיב התחבורה הציבורית ,כחלק מתחבורה ציבורית שעלותו הכוללת היא 2.5 מליארד ₪ על פני החומש הקרוב מתוכם כ- 1.3 ממקורות פנימיים ושינוי בסדרי עדיפויות תקציביים ו- 1.2 ממקורות תוספתיים,2500,"שר האוצר, שר התחבורה",,תחבורה
66,"דו""ח ועדת טרכטנברג",תחבורה,,תחבורה ציבורית,הגברת השירות למכללות,הפעלת שירותי תחבורה ציבורית ממוקדים למכללות ,01/01/2012,שיפור רמת השירות הניתן למכללות,כחלק מתחבורה ציבורית שעלותו הכוללת היא 2.5 מליארד ₪ על פני החומש הקרוב מתוכם כ- 1.3 ממקורות פנימיים ושינוי בסדרי עדיפויות תקציביים ו- 1.2 ממקורות תוספתיים,2500,"שר האוצר, שר התחבורה",,"תחבורה, מכללות"
67,"דו""ח ועדת טרכטנברג",תחבורה,,תחבורה ציבורית,הגדלת היצע השירות במטרופולינים,הוספת קווי תחבורה ציבורית בקווים מטרופוליניים ,01/01/2012,הגברת התדירות בקווים אלו בכ- 30%,כחלק מתחבורה ציבורית שעלותו הכוללת היא 2.5 מליארד ₪ על פני החומש הקרוב מתוכם כ- 1.3 ממקורות פנימיים ושינוי בסדרי עדיפויות תקציביים ו- 1.2 ממקורות תוספתיים,2500,"שר האוצר, שר התחבורה",,תחבורה,"התקבל בהחלטת ממשלה מיום 18.12.11, החלטה מספר 3987 [http://147.237.72.239/PMO/Secretarial/Decisions/2011/12/des3987.htm]",100
68,"דו""ח ועדת טרכטנברג",תחבורה,,תחבורה ציבורית,כרטוס מחוץ לאוטובוס,פריסת אמצעי כרטוס מחוץ לאוטובוס תוך הישענות על כרטיסים חכמים,01/01/2012,צמצום זמני ההמתנה בתחנות וצמצום עיסוק הנהג במכירת כרטיסים,כחלק מתחבורה ציבורית שעלותו הכוללת היא 2.5 מליארד ₪ על פני החומש הקרוב מתוכם כ- 1.3 ממקורות פנימיים ושינוי בסדרי עדיפויות תקציביים ו- 1.2 ממקורות תוספתיים,2500,"שר האוצר, שר התחבורה",,תחבורה,"התקבל בהחלטת ממשלה מיום 18.12.12, החלטה מספר 3989 [http://147.237.72.239/PMO/Secretarial/Decisions/2011/12/des3989.htm] ",100
69,"דו""ח ועדת טרכטנברג",תחבורה,,תחבורה ציבורית,הרחבת ההנחות לזכאים,הרחבת ההנחה הניתנת לזכאים לכ- 50% באופן דומה להנחה הניתנת לקשישים תוך החלה על כלל הזכאים ,01/01/2012,,כחלק מתחבורה ציבורית שעלותו הכוללת היא 2.5 מליארד ₪ על פני החומש הקרוב מתוכם כ- 1.3 ממקורות פנימיים ושינוי בסדרי עדיפויות תקציביים ו- 1.2 ממקורות תוספתיים,2500,"שר האוצר, שר התחבורה",,תחבורה
70,"דו""ח ועדת טרכטנברג",תחבורה,,תחבורה ציבורית,הנחות לסטודנטים,מתן הנחה של עד כ- 50% לסטודנטים העושים שימוש קבוע בתחבורה הציבורית  ,01/01/2012,,כחלק מתחבורה ציבורית שעלותו הכוללת היא 2.5 מליארד ₪ על פני החומש הקרוב מתוכם כ- 1.3 ממקורות פנימיים ושינוי בסדרי עדיפויות תקציביים ו- 1.2 ממקורות תוספתיים,2500,"שר האוצר, שר התחבורה",,"תחבורה, סטודנטים"
76,"דו""ח ועדת טרכטנברג",מערכת המס,,מיסים,ביטול מתווה המס הישיר הפוחת ,שינויי חקיקה נדרשים,31/12/2011,"הקטנת אי השיוויון במשק, פוטנציאל הכנסות של כ 2,500 מלש""ח בשנת 2012",,,,,"מיסים, מס ישיר","התקבל בהחלטת ממשלה מיום 30.10.2011, החלטה מספר [http://www.pmo.gov.il/PMO/Secretarial/Decisions/2011/10/des3783.htm] 3783; עבר בכנסת 5.12. עם הבדל: מעמד הביניים ממשיך להינות מהפחתת המס .",100
77,"דו""ח ועדת טרכטנברג",מערכת המס,,מיסים,"העלאת מדרגת המס העליונה, המתחילה בכנסה של 40,231 שח לחודש (במחירי שנת מס 2011) בשלוש נקודות אחוז עד לשיעור של 48 אחוזים",שינויי חקיקה נדרשים,31/12/2011,"הקטנת אי השיוויון במשק, פוטנציאל הכנסות של 700 מלש""ח בשנת 2012",,,,,"מיסים, מדרגת מס","התקבל בהחלטת ממשלה מיום 30.10.2011, החלטה מספר [http://www.pmo.gov.il/PMO/Secretarial/Decisions/2011/10/des3783.htm] 3783; עבר בכנסת 5.12. ",100
78,"דו""ח ועדת טרכטנברג",מערכת המס,,מיסים,העלאת מס החברות הססטוסטורי העומד כיום על 24% ל- 25% בשנת 2012 ובחינה להעלאה נוספת ל-26% בשנת 2013 בהתאם לצרכים הפיסקאליים,שינויי חקיקה נדרשים,31/12/2011,"הקטנת אי השיוויון במשק, פוטנציאל הכנסות של 1,400 מלש""ח בשנת 2012",,,,,מיסים,"התקבל בהחלטת ממשלה מיום 30.10.2011, החלטה מספר [http://www.pmo.gov.il/PMO/Secretarial/Decisions/2011/10/des3783.htm] 3783; עבר בכנסת 5.12. ",100
79,"דו""ח ועדת טרכטנברג",מערכת המס,,מיסים," העלאת המס על ריבית, דיבידנדים, רווחי הון ומס שבח למי שאינו בעל עניין ב-5 נקודות אחוז מ-%20 ל-%25. שיעור המס על בעל עניין מהותי יועלה מ-%25 ל-%30",שינויי חקיקה נדרשים,31/12/2011,"הקטנת אי השיוויון במשק, פוטנציאל הכנסות של 1,300 מלש""ח בשנת 2012",,,,,"מיסים, דיבידנד","התקבל בהחלטת ממשלה מיום 30.10.2011, החלטה מספר [http://www.pmo.gov.il/PMO/Secretarial/Decisions/2011/10/des3783.htm] 3783; עבר בכנסת 5.12. ",100
80,"דו""ח ועדת טרכטנברג",מערכת המס,,מיסים,"ביטול ה""גיבנת"" הקיימת כתוצאה מהעלאת תקרת הביטוח הלאומי",שינויי חקיקה נדרשים,31/12/2011,"הקטנת התמריץ לתכנון מס והקמת ""חברות ארנק"", פוטנציאל לאובדן הכנסות בסך 800 מלש""ח בשנת 2012, והגדלת הכנסות בהמשך",,,,,"מיסים, ביטוח לאומי","התקבל בהחלטת ממשלה מיום 30.10.2011, החלטה מספר [http://www.pmo.gov.il/PMO/Secretarial/Decisions/2011/10/des3783.htm] 3783; עבר בכנסת 5.12. ",100,?
81,"דו""ח ועדת טרכטנברג",מערכת המס,,מיסים,"החלת מס על הכנסות גבוהות מהון ועבודה, 2% מס נוסף על סך ההכנסות מעל מיליון שח לשנה",שינויי חקיקה נדרשים,31/12/2011,"הקטנת אי השיוויון במשק, פוטנציאל הכנסות של 400 מלש""ח בשנת 2012",,,,,מיסים,"התקבל בהחלטת ממשלה מיום 30.10.2011, החלטה מספר [http://www.pmo.gov.il/PMO/Secretarial/Decisions/2011/10/des3783.htm] 3783; עבר בכנסת 5.12.  לא עבר בכנסת.",100
82,"דו""ח ועדת טרכטנברג",מערכת המס,,מיסים,העלאת הפרשות מעסיק לביטוח לאומי על חלק השכר הגבוה מ- 60% מהשכר הממוצע ב- 1.6 נקודות אחוז (מ-5.9 אחוזים ל7.5 אחוזים),שינויי חקיקה נדרשים,31/12/2011,"חיזוק עצמאות המוסד לביטוח לאומי, הקטנת תלות הקצבאות בתקציב המדינה, פוטנציאל הכנסות של 1,300 מלש""ח בשנה, במיצוי מלא על פני שלוש שנים",,,,,"מיסים, הפרשות מעסיק","התקבל בהחלטת ממשלה מיום 30.10.2011, החלטה מספר [http://www.pmo.gov.il/PMO/Secretarial/Decisions/2011/10/des3783.htm] 3783; עבר בכנסת 5.12. יהיה על כך דיון בשנת 2014.",80
83,"דו""ח ועדת טרכטנברג",מערכת המס,,מיסים," ביטול העלאות הבלו על דלקים שנקבעו
לשנת 2012. בפרט: הפחתת הבלו על בנזין ב-40 אגורות לליטר, הבלו על הסולר ב-20 אגורות לליטר והמס על פחם ב-34 ש""ח לטו",שינויי חקיקה נדרשים,31/12/2011,"הקלת יוקר המחייה, אובדן הכנסות של 2,500 מלש""ח בשנת 2012",,,,,"מיסים, בלו","התקבל בהחלטת ממשלה מיום 30.10.2011, החלטה מספר [http://www.pmo.gov.il/PMO/Secretarial/Decisions/2011/10/des3783.htm] 3783; עבר בכנסת 5.12. ",100
84,"דו""ח ועדת טרכטנברג",מערכת המס,,מיסים,"מתן שתי נקודות זיכוי לגבר, עבור כל ילד עד להגיעו של הילד לגיל 3",שינויי חקיקה נדרשים,31/12/2011,"הקלה בנטל הכלכלי על משפחות עובדות, אבדן הכנסות של 1,000 מלש""ח בשנת 2012",,,,,"מיסים, נקודות","התקבל בהחלטת ממשלה מיום 30.10.2011, החלטה מספר [http://www.pmo.gov.il/PMO/Secretarial/Decisions/2011/10/des3783.htm] 3783; עבר בכנסת 5.12. ",100
85,"דו""ח ועדת טרכטנברג",מערכת המס,,מיסים,הפחתה במיסי קנייה ומכסים בהתאם להמלצות וועדת קדמי וצוות התחרותיות של הועדה לשינוי כלכלי חברתי,שינויי חקיקה נדרשים,31/12/2011,"הקלת יוקר המחיה, הגברת התחרותיות, אובדן הכנסות של עד 1,500 מלש""ח בשנת 2012",,,,,"מיסים, מס רכישה","התקבל בהחלטת ממשלה מיום 30.10.2011, החלטה מספר [http://www.pmo.gov.il/PMO/Secretarial/Decisions/2011/10/des3783.htm] 3783; עבר בכנסת 5.12. ",100
86,"דו""ח ועדת טרכטנברג",מערכת המס,,מיסים,"הקמת צוות לבחינת דרכים להגברת האכיפה וטיפול ב""הון השחור""",כתב מינוי,31/12/2011,דוח המלצות לממשלה עד לתאריך 1.6.2012 שילוב ההמלצות בתקציב 2013,,,,,"מיסים, הון שחור",התקבל. שר האוצר הנחה להקים הועדה והא פועלת,100
87,"דו""ח ועדת טרכטנברג",מערכת המס,,מיסים,"הקמת צוות לבחינת נושא ""חברות הארנק"", חברות אחזקה פרטיות ואופציות לעובדים",כתב מינוי,31/12/2011,דוח המלצות לממשלה עד לתאריך 1.6.2012 שילוב ההמלצות בתקציב 2013,,,,,מיסים,התקבל. שר האוצר הנחה להקים הועדה והא פועלת,100
88,"דו""ח ועדת טרכטנברג",דיור,,הגדלת היצע דיור לטווח הארוך,"קידום העדכון והתאמת תמ""א 35 ","עדכון התמ""א",,"תמ""א ארצית מעודכנת תומכת ציפוף, התחדשות עירונית, אורבניזציה ומטרופולינים",,,,,"תמא, דיור"
89,"דו""ח ועדת טרכטנברג",דיור,,הגדלת היצע דיור לטווח הארוך,קביעת יעדים כמותיים למלאי התכנוני ולשיווקי מינהל מקרקעי ישראל,,,"בתכנון - אישור 196,000 יח""ד בחומש הקרוב. שיווק – 200,000 יח""ד בחומש הקרוב, מתוכן 20% המתאימות לדיור בהישג יד.",,,,,דיור
90,"דו""ח ועדת טרכטנברג",דיור,,הגדלת היצע דיור לטווח הארוך,קביעת יעדי מדיניות בתחום הפיתוח האורבני,הקמת צוות בין-משרדי,31/12/2011,יצירת יעדי מדיניות מוגדרים לפיתוח אורבני,,,,,"פיתוח אורבני, דיור"
91,"דו""ח ועדת טרכטנברג",דיור,,הגדלת היצע דיור לטווח הארוך,צמצום הריכוזיות במקרקעין והקטנת התמריץ לאגירת קרקעות מתוכננות,החלטת מועצת מינהל מקרקעי ישראל בעניין,03/01/2012,"הגברת התחרותיות בשוק המקרקעין, הקטנת היקפי המקרקעין המוחזקים בידי חברות",,,,,דיור
92,"דו""ח ועדת טרכטנברג",דיור,,הגדלת היצע הדיור בטווח הבינוני והארוך,חיזוק ועדת החסמים,חיזוק התוקף של החלטות ועדת חסמים לעניין תקצוב ההחלטות על ידי משרדי הממשלה הרלוונטים,,הגדלת היצע זמין לבנייה באלפי יחידות דיור,,,,,"דיור, יחידות דיור"
93,"דו""ח ועדת טרכטנברג",דיור,,הגדלת היצע הדיור בטווח הבינוני והארוך,מתן קדם מימון לביצוע תשתיות המהוות חסם לקידום תוכניות למגורים,תקצוב קדם מימון לפרוייקטים על ידי משרדי הממשלה הרלוונטיים,,שחרור אלפי יחידות דיור לבנייה,,,,,"דיור, יחידות דיור"
94,"דו""ח ועדת טרכטנברג",דיור,,הגדלת היצע הדיור בטווח הבינוני והארוך,ליווי ממשלתי צמוד של מתחמים נבחרים,אישור תוכניות והסרת חסמי פיתוח,,הגדלת היצע קרקעות מתוכננות,,,,,"דיור, קרקעות"
95,"דו""ח ועדת טרכטנברג",דיור,,הגדלת היצע הדיור בטווח הבינוני והארוך,טיפול בעלויות הפיתוח בהתחדשות עירונית,תקצוב עלויות הפיתוח לכ-5 אתרים לפינוי ובינוי ,31/12/2011,התקדמות לשלב פינוי דיירים ב-5 מתחמים לפחות ,,,,,דיור
96,"דו""ח ועדת טרכטנברג",דיור,,הגדלת היצע הדיור בטווח הבינוני והארוך,תקצוב תכניות מתאר לפינוי בינוי,אישור סטאטורי של תכניות מתאר לפינוי בינוי,,אישור סטאטורי לתכניות פינוי ובינוי ברמה המקומית מכוח התכנית המתארית,,,,,"דיור, תכנית מתאר"
97,"דו""ח ועדת טרכטנברג",דיור,,הגדלת היצע הדיור בטווח הבינוני והארוך,השלמת מנגנון שמאי מכריע לפינוי ובינוי,אישור התקנות במושב החורף הקרוב,31/12/2011,צמצום המקרים המגיעים להכרעת בית המשפט בעילת התנגדות לפרויקט פינוי ובינוי,,,,,דיור
98,"דו""ח ועדת טרכטנברג",דיור,,הגדלת היצע הדיור בטווח הבינוני והארוך,השלמת חקיקת חוק היטלי פיתוח,השלמת החקיקה והתקנת התקנות בתוך שנה,31/12/2012,ייעול הליכי פיתוח ברשויות,,,,,"דיור, היטלי פיתוח"
99,"דו""ח ועדת טרכטנברג",דיור,,הגדלת היצע הדיור בטווח הבינוני והארוך,עידוד השיווק באמצעות הורדת מחיר המינימום במכרזי מנהל מקרקעי ישראל ל-35%,החלטת מועצת מנהל מקרקעי ישראל,15/11/2011,הבטחת הגדלת מלאי הקרקעות בשוק,,,,,דיור
100,"דו""ח ועדת טרכטנברג",דיור,,הגדלת היצע הדיור בטווח הבינוני והארוך,עידוד השיווק באמצעות דחיית תשלומי היזם עבור הקרקע ל-180 יום,החלטת מועצת מנהל מקרקעי ישראל,15/11/2011,שמירה על שיעור הקליטה הקיים של שיווקים של המינהל,,,,,דיור
101,"דו""ח ועדת טרכטנברג",דיור,,הגדלת היצע הדיור בטווח הקצר,עידוד הבנייה על קרקע מתוכננת ומשווקת,שינויי חקיקה נדרשים,31/3/2012,הגדלת היצע הדירות בטווח הקצר-בינוני בעיקר באזורי ביקוש בהיקף של אלפי יחידות דיור ,,,,,דיור
102,"דו""ח ועדת טרכטנברג",דיור,,הגדלת היצע הדיור בטווח הקצר,עידוד האכלוס של דירות ריקות,תקנות שר הפנים,31/1/2011,קיטון משמעותי במספר הדירות הריקות,,,,,"דיור, דירות ריקות"
103,"דו""ח ועדת טרכטנברג",דיור,,הגדלת היצע הדיור בטווח הקצר,עידוד שיקום דירות שאינן ראויות לשימוש,תיקון פקודת העיריות,31/1/2011,קיטון משמעותי במספר הדירות שאינן ראויות לשימוש ושיפור המרקם העירוני,,,,,"דיור, שיקום דירות"
104,"דו""ח ועדת טרכטנברג",דיור,,הגדלת היצע הדיור בטווח הקצר,הקלה בפיצול דירות,תיקון תקנות סטייה ניכרת בחוק התכנון והבנייה,03/01/2012,תוספת אלפי יחידות דיור קטנות תוך שמירה על עקרונות תכנוניים,,,,,"דיור, פיצול דירות"
105,"דו""ח ועדת טרכטנברג",דיור,,דיור בר השגה,יצירת שוק שכירות מגוון בדגש על שכירות ארוכת טווח ,שינויי חקיקה נדרשים,03/01/2012,הוספת יעוד קרקע בחוק התכנון והבנייה – קרקע בייעוד השכרה.,,,,,"דיור, שכירות"
106,"דו""ח ועדת טרכטנברג",דיור,,דיור בר השגה,עידוד גופים מוסדיים להקמת בניני השכרה לטווח ארוך,שינויי חקיקה נדרשים,31/12/2011,שיווק מירב יחידות הדיור לשכירות במכרזים המותאמים לגופים קונצרנים,,,,,דיור
107,"דו""ח ועדת טרכטנברג",דיור,,דיור בר השגה,הגדלת היצע הדירות הקטנות,תיקון חקיקה לחובת התייחסות לדירות קטנות בתוכנית,03/01/2012,תכנון ממוצע של 20% דירות קטנות בתוכנית,,,,,דיור
108,"דו""ח ועדת טרכטנברג",דיור,,פרויקטים מיוחדים על קרקע מדינה,הגדלת היצע הדירות המשווקות במכרזי מחיר למשתכן,יישום החלטת מועצת מנהל מקרקעי ישראל ,10/01/2011,"הקמת 5,000 יחידות דיור בשיטה זו",,,,,דיור
108,"דו""ח ועדת טרכטנברג",דיור,,פרויקטים מיוחדים על קרקע מדינה,שיווק דירות להשכרה במחיר מוזל ומפוקח ,יישום החלטת מועצת מנהל מקרקעי ישראל,10/01/2011,"הקמת 5,000 יחידות דיור בשיטה זו",,,,,דיור
109,"דו""ח ועדת טרכטנברג",דיור,,טיפול באוכלוסיות מיוחדות,הרחבה הדרגתית של מרכיבי הדיור בתכנית החומש לפיתוח כלכלי בכלל יישובי מגזרי המיעוטים,החלטת ממשלה והקצאת תקציב תוספתי,,הגדלת היצע הבנייה הרוויה ביישובי מיעוטים ,"עלות כוללת של 250 מיליון ש""ח בפריסה של 5 שנים",250,,,"דיור, מיעוטים"
101,"דו""ח ועדת טרכטנברג",דיור,,טיפול באוכלוסיות מיוחדות,הקמת יישובים חדשים לאוכלוסיית המיעוטים,תזכיר תכנוני וכלכלי,,החלטת הממשלה על הקמת יישוב חדש לאור תוצאות הבחינה הכלכלית והתכנונית,,,,,"דיור, מיעוטים"
102,"דו""ח ועדת טרכטנברג",דיור,,טיפול באוכלוסיות מיוחדות,הרחבת שטחי שיפוט,עליית מספר הרשויות הפונות לוועדת הגבולות במשרד הפנים,,הרחבת שטחי השיפוט של רשויות מקומיות ממגזרי המיעוטים באופן שיאפשר פיתוח נוסף,,,,,דיור
102,"דו""ח ועדת טרכטנברג",דיור,,טיפול באוכלוסיות מיוחדות,הגדלת היצע המעונות לסטודנטים,"תקצוב מענקי הקמה בסך של 100 מלש""ח לבניית מעונות סטודנטים  והקצאת קרקע ל-10,000 פתרונות דיור",03/01/2012,הרחבת היצע המגורים לאוכלוסיית הסטודנטים,"עלות כוללת של 100 מיליון ש""ח",100,,,"דיור, סטודנטים"
103,"דו""ח ועדת טרכטנברג",דיור,,טיפול באוכלוסיות מיוחדות,הרחבת היצע הדיור המוגן לקשישים מקבלי הבטחת הכנסה,"הקמת 1000 יח""ד  לקשישים ומתן סיוע לקשישים זכאים בשכר דירה בסך של 40 מלש""ח בשנה",31/12/2012,קיצור תור הקשישים הזכאים הממתינים לפתרונות דיור,"עלות כוללת של 110 מיליון ש""ח בפריסה של שנתיים",110,,,"דיור, קשישים"
104,"דו""ח ועדת טרכטנברג",דיור,,טיפול באוכלוסיות מיוחדות,"הגדלת היקף הסיוע בשכ""ד לזכאים","תקצוב של 130 מלש""ח להגדלת הסיוע בשכ""ד",,הקלה בנטל הדיור של זכאי משרד השיכון,"עלות כוללת של 800 מיליון ש""ח בפריסה של 5 שנים",800,,,דיור
105,"דו""ח ועדת טרכטנברג",דיור,,טיפול באוכלוסיות מיוחדות,שמירה על מלאי הדיור הציבורי הקיים.,,03/01/2012,קיצור תור הממתינים לדיור ציבורי,,,,,דיור
106,"דו""ח ועדת טרכטנברג",יוקר המחייה,,רגולציה,"הגדרה ברורה של מטרת הרגולציה כך שתכלול, בין היתר, אחריות ברורה לרווחת הצרכנים ולתחרות בתחום הרלוונטי",תיקון חקיקה,31/3/2012,מיקוד הרגולציה ביוקר המחיה ,,,"מנכ""ל משרד האוצר, משרד המשפטים",,"יוקר המחיה, רגולציה"
107,"דו""ח ועדת טרכטנברג",יוקר המחייה,,רגולציה,תגבור איכות וסמכויות רגולטורים,הקצאת משאבים; ביצוע הכשרות; קציבת כהונה; בחינת רמת תקינה וקביעת תנאי סף; חיזוק עצמאות רשויות רגולטוריות,12/01/2012,שיפור איכות הרגולציה,,,"מנכ""ל משרד האוצר, משרד המשפטים",,"יוקר המחיה, רגולציה","התקבל בהחלטת ממשלה מיום 25.12.11, החלטה מספר 4027 [http://147.237.72.239/PMO/Secretarial/Decisions/2011/12/des4027.htm]"
108,"דו""ח ועדת טרכטנברג",יוקר המחייה,,רגולציה,חיזוק מעמדו של הצרכן ,חיזוק רשות לסחר הוגן; חקיקה המגבילה שתדלנות בכנסת ובממשלה; תוספת תקציב למועצה לצרכנות,31/3/2012,הצרכן הישראלי יהיה שותף פעיל יותר בקבלת החלטות,,,"מנכ""ל משרד האוצר, משרד המשפטים",,"יוקר המחיה, רגולציה, צרכנות"
109,"דו""ח ועדת טרכטנברג",יוקר המחייה,,רגולציה,בחינת ייעול הרגולציה הממשלתית,ועדה משותפת למשרדי האוצר והמשפטים,31/12/2012,מניעת כפילויות במנגנוני הרגולציה בממשלה,,,"מנכ""ל משרד האוצר, משרד המשפטים",,"יוקר המחיה, רגולציה"
110,"דו""ח ועדת טרכטנברג",יוקר המחייה,,רגולציה,הקמת חטיבת תחרותיות ברשות ההגבלים העסקיים,בקרה ומעקב אחר התחרות והמחירים בשווקים מרכזיים; גוף מטה לוועדה המתמדת,31/3/2012,מידע מכוון למשרדי הממשלה בתחום התחרותיות בשווקים,,,"מנכ""ל משרד האוצר, משרד המשפטים",,"יוקר המחיה, רגולציה","התקבל בהחלטת ממשלה מיום 25.12.11, החלטה מספר 4027 [http://147.237.72.239/PMO/Secretarial/Decisions/2011/12/des4027.htm]",100
111,"דו""ח ועדת טרכטנברג",יוקר המחייה,,רגולציה,הרחבת סמכויות הרשות להגבלים עסקיים,תיקון חקיקה,31/3/2012,שיפור הפיקוח בדיעבד על מונופולים,,,"מנכ""ל משרד האוצר, משרד המשפטים",,"יוקר המחיה, רגולציה","התקבל, עם הבדל - הרחבת סמכויות בית הדין ולא הרשות להגבלים עסקיים, בהחלטת ממשלה מיום 18.12.2011, החלטה מספר 3984 [http://147.237.72.239/PMO/Secretarial/Decisions/2011/12/des3984.htm]",80
112,"דו""ח ועדת טרכטנברג",יוקר המחייה,,רגולציה,מנגנון הפיקוח על המחירים והשירותים,"להקצות משאבים לפיקוח מקצועי; למ""ס יפרסם באופן סדיר נתונים על מחירי מוצרים נבחרים; לעדכן את דוח סוארי לפיקוח על רווחיות; מעקב אחר מוצרים שיצאו מפיקוח והשווקים בכלל",30/6/2012,שיפור אופן הפיקוח על מוצרים ושירותים שונים במשק,,,"מנכ""ל משרד האוצר, משרד המשפטים",,"יוקר המחיה, רגולציה","התקבל בהחלטת ממשלה מיום 18.12.11, החלטה מספר 3985 [http://147.237.72.239/PMO/Secretarial/Decisions/2011/12/des3985.htm], בהבדל אחד- התקבל להקים מנגנון דו שלבי ולא תלת שלבי ",80
113,"דו""ח ועדת טרכטנברג",יוקר המחייה,,רגולציה,פרסום דוחות של מונופולים מוכרזים,בקרה ומעקב אחר התחרות והמחירים בשווקים מרכזיים,31/3/2012,שקיפות בפעילותן של חברות מונופוליסטיות,,,"מנכ""ל משרד האוצר, משרד המשפטים",,"יוקר המחיה, רגולציה, מונופולים","התקבל בהחלטת ממשלה מיום 18.12.2011, החלטה מספר 3984 [http://147.237.72.239/PMO/Secretarial/Decisions/2011/12/des3984.htm]",100
114,"דו""ח ועדת טרכטנברג",יוקר המחייה,,רגולציה,מנגנון תלת שלבי לבחינת הכנסת מוצרים לפיקוח,החלטת ועדת המחירים הבין משרדית,31/3/2012,חיזוק מנגנוני הפיקוח על המחירים,,,"מנכ""ל משרד האוצר, משרד המשפטים",,"יוקר המחיה, רגולציה","התקבל בהחלטת ממשלה מיום 18.12.11, החלטה מספר 3985 [http://147.237.72.239/PMO/Secretarial/Decisions/2011/12/des3985.htm], בהבדל אחד- התקבל להקים מנגנון דו שלבי ולא תלת שלבי ",80
116,"דו""ח ועדת טרכטנברג",יוקר המחייה,,תקינה ,אימוץ מסלול האישור האירופאי ,אימוץ תקינה בין לאומית; שימוש בהצהרת יבואן והחמרת ענישה,,השלמת חשיפת המשק הישראלי לייבוא ,,,,,"יוקר המחיה, תקינה","התקבל בהחלטת ממשלה מיום 29.1.2012, החלטה מספר 4191, למעט עניין החמרת הענישה [http://www.pmo.gov.il/PMO/Secretarial/Decisions/2012/01/des4191.htm]"
117,"דו""ח ועדת טרכטנברג",יוקר המחייה,,תקינה ,גיבוש רפורמה מקיפה במוסדות המכון לרבות בחינת עדכון הליכי התקינה והרכבי ועדות התקינה,,31/3/2012,תכנית עבודה מפורטת ליישום הרפורמה במכון התקנים,,,"מנכ""ל משרד התמ""ת",,"יוקר המחיה, תקינה","התקבל בהחלטת ממשלה מיום 29.1.2012, החלטה מספר 4191 [http://www.pmo.gov.il/PMO/Secretarial/Decisions/2012/01/des4191.htm]"
118,"דו""ח ועדת טרכטנברג",יוקר המחייה,,תקינה ,הקמת ועדה להסרת חסמי ייבוא באמצעות השוואת תקינה בתחומים השונים ביחס לעולם,,31/3/2012,המלצות למדיניות כלל ממשלתית בתחום התקינה,,,"מנכ""ל משרד המשפטים",,"יוקר המחיה, תקינה","התקבל בהחלטת ממשלה מיום 4.12.2011, החלטה מספר 3905 [http://147.237.72.239/PMO/Secretarial/Decisions/2011/12/des3905.htm]",100
119,"דו""ח ועדת טרכטנברג",יוקר המחייה,,היטלים ,"הגבלת השימוש בהיטלי סחר בתעשיות ריכוזיות, יצואניות או מונופוליסטיות",תיקון חקיקה,31/3/2012,השלמת חשיפת המשק הישראלי לייבוא ,,,,,"יוקר המחיה, היטלים"
120,"דו""ח ועדת טרכטנברג",יוקר המחייה,,תחרות בשווקים,ענף המזון,"הפחתה במחירי מזון תחת פיקוח, כגון ביצים וחלב",31/10/2011,הפחתת המחירים בסל מוצרי המזון הבסיסיים תחת פיקוח,,,"ועדה הפועלת בעניין בראשות מנכ""ל משרד התמ""ת",,"יוקר מחיה, מזון"
121,"דו""ח ועדת טרכטנברג",יוקר המחייה,,תחרות בשווקים,ענף נמלי הים,"קביעת יעד הממשלה לקיומה של תחרות תוך נמלית אפקטיבית, הפרטת נמל אילת וקידום הפרטת נמל אשדוד וחיפה ",31/12/2012,נמלים בבעלות פרטית ובתחרות אפקטיבית,,,"מנכ""ל משרד ראש הממשלה",,"יוקר מחיה, נמלי הים","התקבל בהחלטת ממשלה מיום 18.12.11, החלטה מספר 3986 [http://147.237.72.239/PMO/Secretarial/Decisions/2011/12/des3986.htm], לא מוזכר עניין הפרטה אלא קידום הענף",60
122,"דו""ח ועדת טרכטנברג",יוקר המחייה,,תחרות בשווקים,ענף המים,שינוי מנגנון קביעת מחיר המים לצרכן,31/03/2012,"הורדת מחיר המים שמשמעו חיסכון של כ-45 מיליון ש""ח בשנה",,,,,"יוקר מחיה, מים"
123,"דו""ח ועדת טרכטנברג",יוקר המחייה,,תחרות בשווקים,ענף המזון,הליך חשיפה לייבוא תוך צימצום הריכוזיות בייצור\ייבוא מקומי והמשך בחינת מקטע השיווק,12/01/2011,המלצות לקידום תחרות,,,"ועדה בראשות מנכ""ל משרד התמ""ת",,"יוקר מחיה, מזון"
124,"דו""ח ועדת טרכטנברג",יוקר המחייה,,תחרות בשווקים,ענף גז הבישול,"פיקוח על מחיר הגפ""מ בשער בית הזיקוק ולצרכן",30/11/2011,"הורדת מחיר הגפ""מ שמשמעו חיסכון של כ-150 מיליון ש""ח בשנה",,,משרדי התשתיות והאוצר,,"יוקר מחיה, בישול גז","התקבל בהחלטת ממשלה מיום 18.12.11, החלטה מספר 3990 [http://147.237.72.239/PMO/Secretarial/Decisions/2011/12/des3990.htm],",100
125,"דו""ח ועדת טרכטנברג",יוקר המחייה,,תחרות בשווקים,ענף תחנות התדלוק,"חיזוק מעמד התחנות העצמאיות באמצעות שחרור התחנות הכבולות, עדיפות בהליכי תכנון לעצמאיים, שיווק קרקעות מנהל ל-40 תחנות תדלוק חדשות לעצמאים ",31/03/2012,עידוד תחרות בשוק תחנות הדלק,,,צוות במשרד התשתיות,,"יוקר מחיה, תחנות תדלוק",התקבל בהחלטת ממשלה מיום 18.12.11 החלטה מספר 3991 [http://147.237.72.239/PMO/Secretarial/Decisions/2011/12/des3991.htm],100
126,"דו""ח ועדת טרכטנברג",יוקר המחייה,,תחרות בשווקים,ענף הרכב,"צמצום משקלן של חברות הליסינג, בחינת הסדרי ייבוא בלעדיים, ניתוק זיקה בין יבואנים ומוסכים מורשים בתחום החלפים",31/03/2012,המלצות לקידום תחרות,,,הקמת ועדה ציבורית בין משרדית,,"יוקר מחיה, רכב"
127,"דו""ח ועדת טרכטנברג",יוקר המחייה,,תחרות בשווקים,ענף הסולר לתחבורה,פיקוח על המחיר,30/11/2011,"הורדת מחיר הסולר שמשמעו חיסכון של כ-400 מיליון ש""ח בשנה",,,,,"יוקר מחיה, סולר"
128,"דו""ח ועדת טרכטנברג",יוקר המחייה,,תחרות בשווקים,ענף הבנקאות הקמעונאית,קידום תחרות בדגש על משקי בית ועסקים קטנים,,פישוט המוצר הבנקאי והקמת credit buearu,,,"הקמת ועדה של בנק ישראל, משרד האוצר, רשות להגבלים עסקיים",,"יוקר מחיה, בנקים"
129,"דו""ח ועדת טרכטנברג",יוקר המחייה,,תחרות בשווקים,ענף המלט,עדכון הפיקוח על המחיר. מתן קדימות בנמל לייבוא. איתור שטחי אחסון בסמוך לנמל,30/11/2011,הגדלת ייבוא המלט לישראל והורדת המחיר באופן ניכר,,,עבודת מטה במשרד האוצר,,"יוקר מחיה, מלט","התקבל בהחלטת ממשלה מיום 18.12.11, החלטה מספר 3992 [http://147.237.72.239/PMO/Secretarial/Decisions/2011/12/des3992.htm]",100
130,"דו""ח ועדת טרכטנברג",יוקר המחייה,,תחרות בשווקים,ענף החסכון הפנסיוני,קידום שקיפות ופישוט המוצר; העמקת חינוך וייעוץ פנסיוני; קביעת תקרת דמי ניהול נמוכה מהקיימת,30/11/2012,הפחתת הנטל על החוסכים,,,,,"יוקר מחיה, חיסכון פנסיוני"
131,"דו""ח ועדת טרכטנברג",יוקר המחייה,,תחרות בשווקים,ייבוא דרך האינטרנט,ייבוא אישי בפטור ממכס על 300$,,עדכון סעיף הפטור ממכס,,,,,"יוקר מחיה, אינטרנט","התקבל בהחלטת ממשלה מיום 4.12.2011, החלטה מספר 3905 [http://147.237.72.239/PMO/Secretarial/Decisions/2011/12/des3905.htm]",100
132,"דו""ח ועדת טרכטנברג",יוקר המחייה,,תחרות בשווקים,ענף התחבורה הציבורית,הוצאת כלל קווי השירות למכרז בתנאיתחרות ובחינת שינוי החוזים הקיימים עם אגד ודן,,תכנית מפורטת להוצאת כלל קווי השירות למכרז בתנאי תחרות,,,משרד התחבורה והאוצר,,"יוקר מחיה, תחבורה ציבורית"